,centroid_x,centroid_y,std_x,std_y,freq,movement_freq,touchdown_freq,velocity,gesture
2013-07-01 17:21:05,-1,-1,0,0,0,0,0,0,0
2013-07-01 17:21:06,301.5,724.0,0.0,0.0,1,0,1,0.0,0
2013-07-01 17:21:07,301.5,724.0,0.0,0.0,1,0,1,0.0,2
2013-07-01 17:21:08,301.5,724.0,0.0,0.0,1,0,1,0.0,2
2013-07-01 17:21:09,301.5,724.0,0.0,0.0,1,0,1,0.0,2
2013-07-01 17:21:10,301.5,724.0,0.0,0.0,1,0,1,0.0,2
2013-07-01 17:21:11,-1,-1,0,0,0,0,0,0,2
2013-07-01 17:21:12,-1,-1,0,0,0,0,0,0,0
2013-07-01 17:21:13,-1,-1,0,0,0,0,0,0,0
2013-07-01 17:21:14,-1,-1,0,0,0,0,0,0,0
2013-07-01 17:21:15,-1,-1,0,0,0,0,0,0,0
2013-07-01 17:21:16,-1,-1,0,0,0,0,0,0,0
2013-07-01 17:21:17,413.5625,76.5,445.96776288843375,54.830908905731008,8,2,6,0.96782999999999997,1
2013-07-01 17:21:18,415.875,84.78125,425.93890406958604,68.388587924692033,16,4,12,0.76516499999999998,1
2013-07-01 17:21:19,469.07999999999998,74.359999999999999,435.7734665702659,56.628636748556822,25,6,19,0.67740887999999999,1
2013-07-01 17:21:20,469.23529411764707,70.191176470588232,432.71805214940071,49.305328052164413,34,6,28,0.49809476470588232,1
2013-07-01 17:21:21,483.69791666666669,68.354166666666671,436.85480985011986,42.437182403578703,48,11,37,0.45888007916666673,1
2013-07-01 17:21:22,492.08163265306121,64.204081632653057,436.48078120799954,37.293307929527117,49,9,40,0.29150211836734696,1
2013-07-01 17:21:23,488.89361702127661,56.627659574468083,442.26000536977818,17.574830101568057,47,9,38,0.34704886808510638,1
2013-07-01 17:21:24,476.55769230769232,58.605769230769234,434.96278468084506,17.418813510183877,52,8,44,0.23305220769230767,1
2013-07-01 17:21:25,476.99056603773585,60.320754716981135,430.00592002371627,18.300665798003575,53,9,44,0.23808895849056602,1
2013-07-01 17:21:26,463.94680851063828,59.170212765957444,420.05750426788813,18.032963957269505,47,4,43,0.16016368085106383,1
2013-07-01 17:21:27,468.13043478260869,63.652173913043477,416.57244847795425,18.917619525257813,46,4,42,0.1636455,1
2013-07-01 17:21:28,485.48000000000002,66.290000000000006,415.16006207589038,18.052104292512698,50,2,48,0.02,1
2013-07-01 17:21:29,463.30000000000001,63.409999999999997,420.68220833327769,19.04497630476288,50,6,44,0.35739310000000002,1
2013-07-01 17:21:30,466.47916666666669,60.09375,427.57017538164013,20.145126713901526,48,5,43,0.36186781250000005,1
2013-07-01 17:21:31,465.47000000000003,58.020000000000003,432.84966294810226,20.532443217741918,50,5,45,0.34739310000000001,1
2013-07-01 17:21:32,457.5980392156863,52.352941176470587,438.63725354337885,18.992444318108991,51,5,46,0.34058147058823535,1
2013-07-01 17:21:33,460.70999999999998,49.18,439.08652963875363,16.347551773265376,50,5,45,0.34739310000000001,1
2013-07-01 17:21:34,469.18888888888887,52.12222222222222,435.58976854908622,19.628699869982697,45,0,45,0.0,1
2013-07-01 17:21:35,463.81081081081084,52.824324324324323,435.8892786169593,19.463718461186605,37,0,37,0.0,1
2013-07-01 17:21:36,462.59259259259261,54.055555555555557,436.37902625860073,20.570391966149451,27,0,27,0.0,1
2013-07-01 17:21:37,615.36538461538464,56.480769230769234,420.5908833460922,18.370890435267846,26,0,26,0.0,1
2013-07-01 17:21:38,766.21428571428567,58.696428571428569,337.6656089862625,18.398540242877509,28,0,28,0.0,1
2013-07-01 17:21:39,918.95833333333337,55.555555555555557,41.783348528878271,15.292284598907003,36,6,30,4.4543085277777772,1
2013-07-01 17:21:40,924.70212765957444,56.585106382978722,42.306677905203195,16.326598446592083,47,7,40,3.4690997659574458,1
2013-07-01 17:21:41,927.67241379310349,53.086206896551722,42.653700578246848,16.804640631785627,58,8,50,2.9665787413793097,1
2013-07-01 17:21:42,928.71311475409834,52.598360655737707,42.701527979725896,16.460513274735984,61,8,53,2.8206814262295077,1
2013-07-01 17:21:43,932.33333333333337,53.206349206349209,41.570577374217528,15.139042380503088,63,11,52,3.7829287460317458,1
2013-07-01 17:21:44,942.1583333333333,53.274999999999999,37.926165073403908,13.826842293040377,60,9,51,3.2826205666666661,1
2013-07-01 17:21:45,939.85074626865674,51.104477611940297,38.31864161069921,10.721875582697967,67,15,52,3.1399167761194025,1
2013-07-01 17:21:46,938.72794117647061,54.676470588235297,37.547326735091083,9.6798624272797547,68,16,52,3.9252432352941176,1
2013-07-01 17:21:47,939.13999999999999,53.766666666666666,37.919327596958013,9.7891049936435177,75,24,51,5.6699125306666671,1
2013-07-01 17:21:48,940.20769230769235,52.869230769230768,38.125501257739501,9.5982896112556766,65,22,43,5.5304691661538454,1
2013-07-01 17:21:49,938.18627450980387,51.068627450980394,38.922738956080167,9.3525502446354878,51,18,33,4.7155424666666663,1
2013-07-01 17:21:50,947.1875,170.03749999999999,40.672186599942137,259.70785824579008,40,11,29,5.6095723450000001,1
2013-07-01 17:21:51,964.375,369.01249999999999,42.270761853701046,342.17684525620257,40,13,27,4.1524725450000002,1
2013-07-01 17:21:52,973.57500000000005,663.79999999999995,35.575047074584965,177.51539478201698,40,12,28,2.0308440249999999,1
2013-07-01 17:21:53,968.24107142857144,707.16964285714289,36.507532357462992,23.245581551949414,56,19,37,4.4814579464285709,1
2013-07-01 17:21:54,965.37323943661977,702.64084507042253,37.507210574374362,26.563560311420233,71,24,47,4.9222177183098594,1
2013-07-01 17:21:55,959.0,690.16860465116281,37.198276367405555,30.623771088439021,86,38,48,7.1001618720930244,1
2013-07-01 17:21:56,953.02173913043475,686.11413043478262,36.122799795613943,28.483280546035193,92,44,48,7.8590545760869563,1
2013-07-01 17:21:57,945.83854166666663,686.90625,39.058289422191379,27.98037963889772,96,50,46,8.888778125,1
2013-07-01 17:21:58,944.42857142857144,683.12637362637361,39.047163179684752,28.361710633115891,91,49,42,8.2522655824175821,1
2013-07-01 17:21:59,941.26960784313724,683.80882352941171,37.938895084606152,26.068649290477687,102,58,44,10.350939774509801,1
2013-07-01 17:22:00,939.01485148514848,689.08910891089113,39.112622990893733,23.978052051783223,101,56,45,9.1164613465346545,1
2013-07-01 17:22:01,930.51470588235293,688.85294117647061,40.247160645337296,24.451567427869485,102,58,44,9.5892942254901961,0
2013-07-01 17:22:02,930.85625000000005,685.0625,39.561136292411994,24.285404143855207,80,45,35,9.6794571624999985,0
2013-07-01 17:22:03,926.969696969697,687.5151515151515,39.491467314800587,24.281675537321554,66,38,28,10.704473045454547,0
2013-07-01 17:22:04,919.83749999999998,687.64999999999998,40.371891005170561,26.865095073968593,40,24,16,7.5784929750000005,0
2013-07-01 17:22:05,903.73684210526312,689.76315789473688,36.597043149022774,27.407606619053187,19,12,7,9.3177114210526319,0
2013-07-01 17:22:06,-1,-1,0,0,0,0,0,0,0
2013-07-01 17:22:07,-1,-1,0,0,0,0,0,0,0
2013-07-01 17:22:08,-1,-1,0,0,0,0,0,0,0
2013-07-01 17:22:09,-1,-1,0,0,0,0,0,0,0
2013-07-01 17:22:10,192.25,516.96428571428567,82.910923006840022,67.579430269900953,14,12,2,37.270417142857141,3
2013-07-01 17:22:11,241.34848484848484,489.63636363636363,90.101720714743152,62.807403117496008,33,28,5,37.530645151515159,3
2013-07-01 17:22:12,264.46153846153845,477.75961538461536,90.912252790207802,60.010333291941983,52,44,8,38.674089807692319,3
2013-07-01 17:22:13,264.46153846153845,477.75961538461536,90.912252790207802,60.010333291941983,52,44,8,38.674089807692319,3
2013-07-01 17:22:14,360.359375,477.5703125,219.09971761716315,58.575068318118262,64,54,10,38.220797812500017,3
2013-07-01 17:22:15,506.78767123287673,459.8082191780822,239.06587478094673,53.509320977815094,73,61,12,39.79985397260274,3
2013-07-01 17:22:16,599.26153846153841,448.84615384615387,207.95761113468814,56.757152844716131,65,54,11,40.857797692307692,3
2013-07-01 17:22:17,720.96739130434787,445.42391304347825,84.760342022140023,59.56023723847467,46,38,8,40.939466739130438,3
2013-07-01 17:22:18,661.54918032786884,426.68852459016392,133.65352299004425,68.569621792648604,61,50,11,43.710068032786879,3
2013-07-01 17:22:19,605.83333333333337,399.69841269841271,130.53305723937544,68.060015005883869,63,51,12,45.126585714285724,3
2013-07-01 17:22:20,534.78846153846155,360.91346153846155,112.7144729538892,64.946714294002007,52,42,10,48.487999423076921,3
2013-07-01 17:22:21,514.86666666666667,345.25,105.49407030756042,65.394791945225435,60,49,11,52.911476666666687,3
2013-07-01 17:22:22,528.57058823529417,349.56470588235294,112.16843077597674,69.543570970330038,85,69,16,56.390671647058845,3
2013-07-01 17:22:23,544.55555555555554,347.7037037037037,119.04466073705279,72.386107859941617,81,66,15,58.575803950617292,3
2013-07-01 17:22:24,530.40425531914889,360.74468085106383,124.78741657930195,79.319984352236148,94,77,17,60.791061904255329,3
2013-07-01 17:22:25,530.20967741935488,359.24731182795699,127.15548772075664,81.973836747912756,93,76,17,62.606681924731198,3
2013-07-01 17:22:26,537.31609195402302,357.25862068965517,134.66668833583265,83.090622356898848,87,71,16,62.779374126436771,3
2013-07-01 17:22:27,561.00952380952378,360.72380952380951,131.05347889889012,74.425555892874428,105,86,19,53.004545133333323,3
2013-07-01 17:22:28,565.3125,355.41071428571428,134.73684938086194,73.20501306757572,112,92,20,52.711642401785738,3
2013-07-01 17:22:29,579.21212121212125,346.71212121212119,131.84499423428343,68.124027456420336,99,81,18,51.718162727272748,3
2013-07-01 17:22:30,574.94444444444446,344.06944444444446,139.59640311712852,67.054847766841306,108,89,19,51.071359629629654,3
2013-07-01 17:22:31,574.58095238095234,344.67142857142858,138.57128344371375,66.27778185886929,105,86,19,49.817948380952394,3
2013-07-01 17:22:32,559.73333333333335,328.27777777777777,147.66615474924166,69.086703021146477,90,74,16,55.719937333333334,3
2013-07-01 17:22:33,545.37037037037032,329.24074074074076,141.94571536721742,68.743777496181067,81,66,15,54.879914074074073,3
2013-07-01 17:22:34,535.80102040816325,320.34693877551018,149.74837554487684,67.517252784173479,98,81,17,54.295299693877553,3
2013-07-01 17:22:35,549.74742268041234,321.44329896907215,143.74877035183025,67.656950103716397,97,80,17,53.031836701030912,3
2013-07-01 17:22:36,537.19711538461536,321.65865384615387,142.62219115226753,67.082483078925677,104,86,18,52.584428173076908,3
2013-07-01 17:22:37,518.88725490196077,315.61274509803923,146.65911352019154,64.631625878334248,102,85,17,50.957610686274514,3
2013-07-01 17:22:38,521.84090909090912,315.42272727272729,148.33009202788497,66.33900240582588,110,92,18,51.434819636363621,3
2013-07-01 17:22:39,532.51869158878503,309.88317757009344,167.55148357244863,68.12615169319912,107,89,18,50.635769626168219,3
2013-07-01 17:22:40,546.24038461538464,310.83173076923077,174.14924941467677,69.638059095908616,104,86,18,52.84046153846154,3
2013-07-01 17:22:41,609.97787610619469,298.97787610619469,191.95218188695608,71.536497596023921,113,93,20,52.224343221238925,3
2013-07-01 17:22:42,671.45833333333337,289.375,188.64159169393801,74.712881103620532,108,89,19,52.581412999999984,3
2013-07-01 17:22:43,630.29237288135596,289.28389830508473,210.54634187770162,72.637034619734735,118,98,20,48.854542110169497,3
2013-07-01 17:22:44,609.56696428571433,292.93303571428572,212.20954177305566,73.441509960621062,112,94,18,48.958125616071428,3
2013-07-01 17:22:45,582.33333333333337,294.66250000000002,210.29848068969054,75.056201981464255,120,101,19,48.700909741666671,3
2013-07-01 17:22:46,521.79999999999995,303.89565217391305,190.65416932420266,76.784401275104017,115,98,17,49.736219956521737,3
2013-07-01 17:22:47,472.25423728813558,310.99152542372883,151.72059826917666,74.685579766134438,118,100,18,50.762943771186421,3
2013-07-01 17:22:48,503.38888888888891,310.61538461538464,155.98853449122569,75.394605147922476,117,99,18,52.323612393162406,3
2013-07-01 17:22:49,524.31696428571433,306.14285714285717,159.99638221607688,76.160050432318414,112,95,17,52.042864910714322,3
2013-07-01 17:22:50,525.71367521367517,303.41880341880341,161.84192101425165,73.48266735771179,117,99,18,50.207347863247861,3
2013-07-01 17:22:51,523.45762711864404,304.14830508474574,159.99430513731599,71.653526205034225,118,99,19,49.596620932203386,3
2013-07-01 17:22:52,516.07627118644064,303.97457627118644,163.87188328992156,72.463868021396323,118,100,18,49.012072711864391,3
2013-07-01 17:22:53,517.24545454545455,303.46363636363634,167.3815991971384,72.296843139517222,110,93,17,49.881554272727264,3
2013-07-01 17:22:54,520.02688172043008,305.77419354838707,165.33859142074706,71.23405680239857,93,78,15,49.761743333333342,3
2013-07-01 17:22:55,513.3359375,305.6015625,169.27103406581506,71.943274594812564,64,54,10,49.342800624999995,0
2013-07-01 17:22:56,519.5,301.67857142857144,176.19480626879317,72.544000224974639,42,36,6,49.967593571428573,0
2013-07-01 17:22:57,560.11111111111109,310.38888888888891,159.65012808855752,69.547604423486433,18,15,3,49.156444999999991,0
2013-07-01 17:22:58,71.75,578.0,0.88034084308295046,3.3615472627943221,6,5,1,1.6671998333333333,0
2013-07-01 17:22:59,68.298387096774192,556.80645161290317,1.3862902418271519,14.658784318432277,62,61,1,0.88156075806451617,5
2013-07-01 17:23:00,68.543859649122808,537.92105263157896,1.4490787484002816,24.219002535981936,114,113,1,0.79965921578947352,5
2013-07-01 17:23:01,70.585294117647052,517.2088235294118,3.2861672025929081,36.362233867876967,170,169,1,0.79944052117647035,5
2013-07-01 17:23:02,72.752173913043478,493.72826086956519,4.6475677599319631,51.213410255277218,230,229,1,0.85071856695652148,5
2013-07-01 17:23:03,75.240282685512369,463.55123674911658,6.4239028307859574,70.845163978237224,283,283,0,0.89234251378091856,5
2013-07-01 17:23:04,78.976785714285711,416.35892857142858,6.6567396809341428,74.948756153969185,280,280,0,0.87500244214285716,5
2013-07-01 17:23:05,82.456521739130437,373.768115942029,5.2120413941248938,72.958859127351275,276,276,0,0.86411702971014459,5
2013-07-01 17:23:06,84.769811320754712,331.20188679245285,3.5762571907748226,64.617360021309267,265,265,0,0.8392684158490562,5
2013-07-01 17:23:07,86.006024096385545,289.10040160642569,1.9242101059072281,49.176504436038769,249,249,0,0.75774295582329287,5
2013-07-01 17:23:08,85.740585774058573,251.79288702928869,2.08326295252827,44.0773526475894,239,239,0,0.67283320502092059,5
2013-07-01 17:23:09,85.946581196581192,219.42735042735043,2.6716459578843987,43.872853992111686,234,234,0,0.66024033333333287,5
2013-07-01 17:23:10,87.664444444444442,193.08666666666667,5.6465521858300232,40.301545300043109,225,225,0,0.6473470773333333,5
2013-07-01 17:23:11,92.266816143497763,168.74439461883409,10.611245615435044,35.81096707130812,223,223,0,0.63615912825112164,5
2013-07-01 17:23:12,101.31111111111112,147.2488888888889,17.073661605962549,27.63683991767002,225,225,0,0.62974183466666711,5
2013-07-01 17:23:13,114.51388888888889,131.07175925925927,22.43947501078603,18.083159032966037,216,216,0,0.58031836666666681,5
2013-07-01 17:23:14,135.91891891891891,121.37162162162163,30.684133042102275,10.401355466884601,222,222,0,0.6130765801801803,5
2013-07-01 17:23:15,161.53541666666666,120.90000000000001,40.358692424544294,8.8298893315089142,240,240,0,0.67504490666666606,5
2013-07-01 17:23:16,189.108,126.346,44.976347376072852,15.085808246221582,250,250,0,0.68307064479999868,5
2013-07-01 17:23:17,218.12403100775194,136.53875968992247,45.204551568624538,20.994034024062724,258,258,0,0.69570657829457272,5
2013-07-01 17:23:18,243.60037174721191,148.67100371747213,43.258391040163218,23.733999624334245,269,269,0,0.69507171895910735,5
2013-07-01 17:23:19,273.26481481481483,165.73888888888888,39.13273645214759,24.460714399761848,270,270,0,0.69054005925925876,5
2013-07-01 17:23:20,302.67222222222222,185.30000000000001,38.842654746517098,27.069557930316265,270,270,0,0.70501174740740624,5
2013-07-01 17:23:21,329.44237918215612,204.62825278810408,40.480664118226848,30.370032932054443,269,269,0,0.70522751003717343,5
2013-07-01 17:23:22,356.97416974169744,225.54428044280442,40.979774559155778,32.445508085762498,271,271,0,0.72364946789667739,5
2013-07-01 17:23:23,384.78363636363639,248.49818181818182,41.632971228317807,35.17631549586504,275,275,0,0.7753565061818164,5
2013-07-01 17:23:24,414.13537906137185,274.57581227436822,41.213331233026928,37.598730318055317,277,277,0,0.79897892274368043,5
2013-07-01 17:23:25,443.25912408759126,302.58211678832117,41.373338293812878,41.659833976281853,274,274,0,0.79492127299269832,5
2013-07-01 17:23:26,471.69892473118279,331.93189964157705,43.571272533706754,46.822648938015242,279,279,0,0.83185949534049908,5
2013-07-01 17:23:27,503.22064056939502,365.04448398576511,44.729896533234999,48.553696120531498,281,281,0,0.85565302775800434,5
2013-07-01 17:23:28,532.44483985765123,396.57117437722422,44.161751995921108,47.693012984550322,281,281,0,0.82778300996441068,5
2013-07-01 17:23:29,564.68309859154931,430.03169014084506,44.864656258323429,45.351754957208769,284,284,0,0.84954039436619433,5
2013-07-01 17:23:30,598.39619377162626,460.68858131487889,50.001211298284055,43.972291319456076,289,289,0,0.86107199031141679,5
2013-07-01 17:23:31,631.97719298245613,489.28947368421052,52.037215885972586,41.614548699395911,285,285,0,0.84722857964912046,5
2013-07-01 17:23:32,666.15248226950359,514.56914893617022,53.358735014591026,36.526614953822985,282,282,0,0.81893774184396917,5
2013-07-01 17:23:33,695.48320895522386,529.91977611940297,47.794412819702359,25.803639465926555,268,268,0,0.80038924179104343,5
2013-07-01 17:23:34,726.70881226053643,535.92720306513411,37.448085589962133,18.256096648500733,261,261,0,0.76294460306513334,5
2013-07-01 17:23:35,749.41935483870964,530.33870967741939,27.178215786677708,26.880079193291692,248,248,0,0.70275308870967723,5
2013-07-01 17:23:36,765.33755274261603,513.77004219409287,18.410801428503223,36.74377136767886,237,237,0,0.68223537721518979,5
2013-07-01 17:23:37,777.0622317596567,485.00643776824035,11.147298969170331,40.40264695277142,233,233,0,0.6754148858369099,5
2013-07-01 17:23:38,782.88888888888891,456.00823045267492,7.4537139225804356,44.651750890637807,243,243,0,0.71728642139917675,5
2013-07-01 17:23:39,787.30658436213992,420.84362139917698,4.2748589774308599,48.049391668613765,243,243,0,0.70603356707818909,5
2013-07-01 17:23:40,789.82127659574473,392.55531914893618,2.5478276460143183,47.63255372722741,235,235,0,0.69305678638297863,5
2013-07-01 17:23:41,791.38796680497921,361.13900414937757,2.1884879709287146,50.175861284793193,241,241,0,0.72252693112033195,5
2013-07-01 17:23:42,792.92887931034488,328.57327586206895,2.6433585063557157,46.428470064307625,232,232,0,0.70403490172413785,5
2013-07-01 17:23:43,795.08447488584477,299.03881278538813,3.395347068917709,40.875113000507248,219,219,0,0.68198978812785371,5
2013-07-01 17:23:44,797.60659898477161,272.46700507614213,4.1639006323562588,35.025722001108697,197,197,0,0.64660071675126918,5
2013-07-01 17:23:45,800.13970588235293,245.54411764705881,4.6337636355691485,36.455290313320134,204,204,0,0.69752232745098031,5
2013-07-01 17:23:46,802.62021857923503,222.45901639344262,3.7744479192112759,33.98726673514804,183,183,0,0.64350987540983606,5
2013-07-01 17:23:47,803.84943181818187,199.76420454545453,2.7021260869251371,32.094455639443545,176,176,0,0.63736659545454566,5
2013-07-01 17:23:48,799.79166666666663,180.4638888888889,9.9269503663219254,25.010949030059486,180,180,0,0.64186261222222218,5
2013-07-01 17:23:49,783.95913461538464,172.09134615384616,26.078606799076336,15.020720700187089,208,208,0,0.71501360096153777,5
2013-07-01 17:23:50,763.43023255813955,173.82558139534885,34.802812586978106,16.385856863498315,215,215,0,0.71019834418604622,5
2013-07-01 17:23:51,741.97950819672133,186.33811475409837,40.335725749930511,27.331892127977945,244,244,0,0.7250149950819661,5
2013-07-01 17:23:52,724.20987654320993,198.49176954732511,37.325090507454412,31.497309575456264,243,243,0,0.72849785679012258,5
2013-07-01 17:23:53,705.8469827586207,213.74784482758622,29.96215635376852,30.901007907630078,232,232,0,0.70983662672413783,5
2013-07-01 17:23:54,688.96335078534037,230.80628272251309,20.912504878471687,23.859383287209329,191,191,0,0.64286613507853463,5
2013-07-01 17:23:55,674.60736196319021,246.50920245398774,14.244854207498564,16.203325408639525,163,163,0,0.58424435828220855,5
2013-07-01 17:23:56,661.84074074074078,260.2074074074074,11.744902332096116,10.605789953687474,135,135,0,0.53375073777777771,5
2013-07-01 17:23:57,652.63779527559052,268.33858267716533,11.614283277629013,9.0259506577890249,127,127,0,0.53587676850393695,5
2013-07-01 17:23:58,643.24180327868851,275.31967213114751,12.088556436619331,8.8586385848822307,122,122,0,0.53225433770491781,5
2013-07-01 17:23:59,635.52692307692303,280.26923076923077,13.488052643081947,8.7924284389071268,130,130,0,0.53026945538461523,5
2013-07-01 17:24:00,625.86397058823525,286.15441176470586,14.401834619725948,8.2389127981704799,136,136,0,0.53045688235294108,5
2013-07-01 17:24:01,615.57664233576645,292.32846715328469,14.594127862087218,8.0390677402979041,137,137,0,0.53325802627737229,5
2013-07-01 17:24:02,604.54827586206898,299.03793103448277,15.200548708335026,9.2610824673702101,145,145,0,0.53570806896551726,5
2013-07-01 17:24:03,592.3179012345679,307.27777777777777,16.566800237281026,12.01913588113524,162,162,0,0.54346685925925953,5
2013-07-01 17:24:04,578.03260869565213,318.19565217391306,20.4733338957729,16.308158895683967,184,184,0,0.58762117282608739,5
2013-07-01 17:24:05,564.62113402061857,329.01288659793812,22.103255492586499,18.3101118448104,194,194,0,0.58950998247422715,5
2013-07-01 17:24:06,552.8434343434343,338.61616161616161,22.495983450254879,18.73639313826493,198,198,0,0.58770170000000044,5
2013-07-01 17:24:07,540.47969543147212,348.9441624365482,21.605982115425334,17.974313558293257,197,197,0,0.57973645786802053,5
2013-07-01 17:24:08,527.0271739130435,360.1603260869565,18.008629402406218,14.939956397554834,184,184,0,0.57298862717391297,5
2013-07-01 17:24:09,514.27108433734941,370.82530120481925,14.752257393736331,12.247432318390933,166,166,0,0.52744788915662644,5
2013-07-01 17:24:10,503.43312101910828,379.8980891719745,13.150886625735824,11.273087257949445,157,157,0,0.52110642547770714,5
2013-07-01 17:24:11,493.78343949044586,388.39171974522293,13.168322747849118,11.599253743587326,157,157,0,0.52110642547770714,5
2013-07-01 17:24:12,486.77338129496405,394.57194244604318,11.89099388551862,10.762347332836276,139,139,0,0.54629517697841723,5
2013-07-01 17:24:13,482.44036697247708,398.41284403669727,9.5364128598995492,8.8330304027454609,109,109,0,0.55523684403669704,0
2013-07-01 17:24:14,477.96202531645571,402.51265822784808,7.0546275737633408,6.6761029452479432,79,79,0,0.57359125569620228,0
2013-07-01 17:24:15,473.23958333333331,406.97916666666669,4.4482719371613451,4.1756109673149888,48,48,0,0.59954531666666666,0
2013-07-01 17:24:16,612.65094339622647,535.59433962264154,97.239523111038196,79.070991508347845,53,52,1,2.7894066528301891,6
2013-07-01 17:24:17,546.81632653061229,583.36734693877554,116.18689147797598,17.454292447631744,98,97,1,4.1045749387755093,6
2013-07-01 17:24:18,436.63291139240505,525.0158227848101,170.31745759660234,86.447038771585568,158,157,1,4.3002543670886073,6
2013-07-01 17:24:19,395.3119266055046,442.70642201834863,161.90705060874922,155.29312569925045,218,217,1,4.2862430275229348,6
2013-07-01 17:24:20,428.15287769784175,379.84532374100718,161.76688282207377,182.74660257916415,278,277,1,4.4888369748201447,6
2013-07-01 17:24:21,462.76499999999999,342.47166666666669,192.04575195635439,160.48637935064505,300,300,0,4.5904299600000025,6
2013-07-01 17:24:22,506.01833333333332,332.29000000000002,210.91060454036173,147.11065352744137,300,300,0,4.5853976333333373,6
2013-07-01 17:24:23,535.54666666666662,355.63333333333333,185.24303702102125,167.18163641401861,300,300,0,4.8636742166666629,6
2013-07-01 17:24:24,533.24414715719058,361.07023411371239,188.30457066433343,166.94194852742351,299,299,0,5.1837425719063521,6
2013-07-01 17:24:25,522.34113712374585,356.03344481605353,189.421786235681,173.42997702641264,299,299,0,5.2524527725752508,6
2013-07-01 17:24:26,517.83612040133778,352.17725752508363,184.2087602386396,174.73098791789144,299,299,0,5.2960416421404677,6
2013-07-01 17:24:27,515.80602006688969,350.30936454849501,182.20417551300915,173.24536595465585,299,299,0,5.333157809364546,6
2013-07-01 17:24:28,509.74247491638795,352.61705685618728,186.22855870068213,175.96628149979725,299,299,0,5.4150917759197341,6
2013-07-01 17:24:29,505.15499999999997,359.62166666666667,191.28577915260738,171.432346798921,300,300,0,5.2616799833333294,6
2013-07-01 17:24:30,489.96499999999997,355.20499999999998,192.477661323842,177.61895201634482,300,300,0,5.0593564866666654,6
2013-07-01 17:24:31,488.76666666666665,333.11333333333334,193.82645037534462,189.43723774830522,300,300,0,5.3959303566666685,6
2013-07-01 17:24:32,511.26999999999998,321.87166666666667,218.42929815918552,181.34342877836113,300,300,0,5.4755505700000002,6
2013-07-01 17:24:33,542.85166666666669,334.97333333333336,209.997369382844,198.36839724522915,300,300,0,5.4594854299999964,6
2013-07-01 17:24:34,539.26499999999999,374.90166666666664,215.91475837611333,205.53983777749971,300,300,0,5.6382180633333325,6
2013-07-01 17:24:35,508.995,392.83166666666665,239.69200724287913,185.07220184803143,300,300,0,5.7173067600000023,6
2013-07-01 17:24:36,478.94833333333332,389.505,221.66986321573464,186.63466308956433,300,300,0,5.7216311499999994,6
2013-07-01 17:24:37,478.11000000000001,378.07499999999999,220.12758059618619,185.21811297200307,300,300,0,5.9659031433333309,6
2013-07-01 17:24:38,483.88999999999999,382.32999999999998,224.17715663851311,191.04322235914191,300,300,0,6.2168086300000009,6
2013-07-01 17:24:39,478.58026755852842,377.69565217391306,230.96712027817424,189.96998442131056,299,299,0,6.3511480100334472,6
2013-07-01 17:24:40,476.61538461538464,373.43478260869563,232.29018294232415,194.30546575176319,299,299,0,6.2396335752508358,6
2013-07-01 17:24:41,468.36956521739131,361.30100334448161,230.97225139884938,207.41329076727308,299,299,0,6.4443237658862875,6
2013-07-01 17:24:42,471.29431438127091,348.81103678929765,235.04265713326009,205.5775876456625,299,299,0,6.39051590301003,6
2013-07-01 17:24:43,472.40969899665549,343.4397993311037,234.6641578642778,198.6305076731243,299,299,0,6.4400814849498316,6
2013-07-01 17:24:44,479.52173913043481,333.52675585284283,226.78157164380386,195.38609416176268,299,299,0,6.5764558628762542,6
2013-07-01 17:24:45,490.82274247491637,321.42976588628761,217.38143111852526,206.42531211105472,299,299,0,6.6371936655518402,6
2013-07-01 17:24:46,500.24916387959865,323.10869565217394,217.23983272824344,205.42812323717837,299,299,0,6.364840441471574,6
2013-07-01 17:24:47,470.70323741007195,325.72122302158272,198.26808117077746,211.25221161582721,278,278,0,6.7958789712230265,6
2013-07-01 17:24:48,444.348623853211,245.29357798165137,206.25620509685194,162.51632617042412,218,218,0,6.5082984587155988,0
2013-07-01 17:24:49,520.68867924528297,182.0503144654088,189.8981379119389,127.0996966773332,159,159,0,6.196689062893082,0
2013-07-01 17:24:50,646.94444444444446,224.26262626262627,113.07415592976611,140.41408048024954,99,99,0,7.1049107575757562,0
2013-07-01 17:24:51,747.74358974358972,378.28205128205127,26.469911367952538,84.113472454257163,39,39,0,8.7710878974358959,0
2013-07-01 17:24:52,301.34426229508199,521.13114754098365,169.48329664462528,116.91075305688474,61,60,1,16.501143934426235,4
2013-07-01 17:24:53,301.34426229508199,521.13114754098365,169.48329664462528,116.91075305688474,61,60,1,16.501143934426235,4
2013-07-01 17:24:54,301.34426229508199,521.13114754098365,169.48329664462528,116.91075305688474,61,60,1,16.501143934426235,4
2013-07-01 17:24:55,301.72083333333336,511.05833333333334,152.63746794659713,113.59281888130316,120,118,2,15.47523635833333,4
2013-07-01 17:24:56,301.72083333333336,511.05833333333334,152.63746794659713,113.59281888130316,120,118,2,15.47523635833333,4
2013-07-01 17:24:57,363.03731343283584,511.62686567164178,209.0156640757736,107.48725587896803,67,65,2,12.970087716417909,4
2013-07-01 17:24:58,530.98818897637796,509.07086614173227,249.04801653884391,109.54856363857803,127,125,2,12.343287557480314,4
2013-07-01 17:24:59,528.7265625,505.890625,249.38172254767682,114.8955009210098,128,126,2,12.6383000765625,4
2013-07-01 17:25:00,722.5,510.37681159420288,134.41206397186406,119.47745928801744,69,68,1,11.119475750724636,4
2013-07-01 17:25:01,523.43656716417911,494.71268656716416,262.08366498082472,131.67664279929639,134,132,2,12.959788416417908,4
2013-07-01 17:25:02,505.09126984126982,488.49603174603175,259.6160118389746,133.3980284116935,126,125,1,13.63551074444444,4
2013-07-01 17:25:03,311.05303030303031,472.38636363636363,187.0904784977636,148.82906548878731,66,65,1,15.446556227272724,4
2013-07-01 17:25:04,507.03271028037381,512.27102803738319,284.9995139935283,120.30398369268329,107,105,2,10.765854009345784,4
2013-07-01 17:25:05,509.57835820895525,474.22761194029852,273.12951604619764,149.58064960284025,134,132,2,15.028507052238799,4
2013-07-01 17:25:06,695.58695652173913,470.59420289855075,200.3632171780888,156.8745348097701,69,68,1,15.136987304347828,4
2013-07-01 17:25:07,526.40909090909088,458.07954545454544,243.48369240329586,134.27277735536381,132,130,2,13.689633262121209,4
2013-07-01 17:25:08,543.70289855072463,440.05797101449275,252.03145903220499,156.38835564937202,138,136,2,15.08443674347826,4
2013-07-01 17:25:09,554.52877697841723,431.38129496402877,262.07373789340454,149.28699603052556,139,137,2,14.847015033093534,4
2013-07-01 17:25:10,562.56451612903231,422.5774193548387,254.88150869174211,148.2282280933245,155,153,2,13.597268487741932,4
2013-07-01 17:25:11,562.56451612903231,422.5774193548387,254.88150869174211,148.2282280933245,155,153,2,13.597268487741932,4
2013-07-01 17:25:12,581.01999999999998,402.63333333333333,238.18723868238811,138.13350300793735,150,148,2,11.685475686666663,4
2013-07-01 17:25:13,576.03374233128829,392.90490797546011,225.48660774906367,134.79792320069279,163,161,2,12.807653343558281,4
2013-07-01 17:25:14,482.33749999999998,342.26666666666665,187.0929886368242,120.41334506385822,120,119,1,16.024884316666665,4
2013-07-01 17:25:15,579.48299319727892,405.01700680272108,199.63347763769266,111.27364170783939,147,145,2,10.924999568707481,4
2013-07-01 17:25:16,559.89423076923072,389.3621794871795,211.53923611971885,126.01399786196248,156,154,2,13.162604721794869,4
2013-07-01 17:25:17,687.94285714285718,400.93809523809523,186.59230694481752,158.35717137883665,105,104,1,16.009564977142855,4
2013-07-01 17:25:18,750.11643835616439,478.40068493150687,165.23180207687625,117.53841074103232,146,145,1,9.4181729424657519,4
2013-07-01 17:25:19,722.88271604938268,455.04012345679013,184.42439868370008,137.18563134830069,162,161,1,12.70099555308642,4
2013-07-01 17:25:20,713.63586956521738,445.43478260869563,228.26620885674029,167.83579130450502,92,92,0,15.965840967391307,4
2013-07-01 17:25:21,843.26950354609926,568.24468085106378,161.60082564466529,151.51400945387945,141,140,1,8.4290751134751698,4
2013-07-01 17:25:22,808.64240506329111,541.99367088607596,191.3969271742846,172.38966735833236,158,157,1,13.775601145569611,4
2013-07-01 17:25:23,797.92857142857144,550.78571428571433,237.96183528361516,214.37892793431925,98,97,1,19.112747265306119,4
2013-07-01 17:25:24,894.51689189189187,628.42229729729729,155.45316042741817,136.11668054995408,148,146,2,10.539568972972967,4
2013-07-01 17:25:25,862.94135802469134,598.75617283950612,187.47057231431984,166.67118331239078,162,160,2,14.051272641975304,4
2013-07-01 17:25:26,683.00390625,545.4453125,331.86265952615196,167.84249546804571,128,126,2,17.044198153125006,4
2013-07-01 17:25:27,554.62732919254654,519.77018633540376,358.97953580036733,161.05370798460393,161,159,2,13.399011817391296,4
2013-07-01 17:25:28,554.62732919254654,519.77018633540376,358.97953580036733,161.05370798460393,161,159,2,13.399011817391296,4
2013-07-01 17:25:29,253.74206349206349,459.92460317460319,191.24858937128906,137.65927600362164,126,124,2,14.943461841269842,4
2013-07-01 17:25:30,276.39506172839504,442.0679012345679,210.08479086869662,148.87906745827243,162,160,2,13.405475450617287,4
2013-07-01 17:25:31,302.47826086956519,423.55797101449275,217.2742714014058,153.92556823490079,138,137,1,15.212334821739136,4
2013-07-01 17:25:32,505.54878048780489,489.04065040650408,337.8153015019131,158.3958078376985,123,121,2,10.900284653658533,4
2013-07-01 17:25:33,516.3125,453.015625,315.72516484591648,170.63096393958756,160,158,2,14.305122621249996,4
2013-07-01 17:25:34,605.82945736434112,428.80232558139534,286.48818213058019,181.80172942707233,129,128,1,17.00673894573643,4
2013-07-01 17:25:35,772.17132867132864,504.27272727272725,192.7895764606692,148.9758786514596,143,141,2,11.92328282517482,4
2013-07-01 17:25:36,719.21385542168673,463.88253012048193,230.07220418859188,175.09143861072076,166,164,2,14.231463397590359,4
2013-07-01 17:25:37,660.30241935483866,416.74193548387098,237.58769727521275,177.30522903563198,124,123,1,17.112088693548383,4
2013-07-01 17:25:38,554.47872340425533,464.12765957446811,268.35703744093047,142.21052558311612,141,139,2,11.11070582269503,4
2013-07-01 17:25:39,569.64506172839504,436.61728395061726,258.62935830153157,154.16732403070512,162,160,2,13.387245808641966,4
2013-07-01 17:25:40,460.49553571428572,402.40178571428572,226.47735697666081,162.97497236816494,112,110,2,15.710683999999999,4
2013-07-01 17:25:41,535.19463087248323,451.51342281879192,226.026993360825,130.43206456718841,149,147,2,13.717754885906032,4
2013-07-01 17:25:42,535.19463087248323,451.51342281879192,226.026993360825,130.43206456718841,149,147,2,13.717754885906032,4
2013-07-01 17:25:43,663.28947368421052,433.46315789473687,174.90714221739546,154.86069996670207,95,94,1,17.380529978947362,0
2013-07-01 17:25:44,660.96621621621625,484.98648648648651,182.71544481659978,127.86869798536476,74,73,1,14.176027675675675,0
2013-07-01 17:25:45,618.95833333333337,451.66666666666669,177.96112915100463,118.87151825861127,60,60,0,15.695705833333335,0
2013-07-01 17:25:46,510.05555555555554,388.44444444444446,6.7560188609601184,4.7739762958361718,18,17,1,1.8828377111111112,0
2013-07-01 17:25:47,491.0779220779221,377.52597402597405,23.823510189111428,13.251587815461816,77,76,1,1.8367748415584411,7
2013-07-01 17:25:48,493.0625,383.6875,20.890582452032906,18.068792156644008,136,135,1,1.8646920132352931,7
2013-07-01 17:25:49,482.39795918367349,384.66836734693879,25.069693541709555,19.581511934180931,196,195,1,1.9584331469387755,7
2013-07-01 17:25:50,482.2578125,383.853515625,23.691272851278494,18.583753903895175,256,255,1,1.9893084601562507,7
2013-07-01 17:25:51,481.59395973154363,382.6543624161074,23.445643786224881,20.259960291329662,298,298,0,2.2268312013422835,7
2013-07-01 17:25:52,480.21833333333331,389.20333333333332,26.401482752438845,25.66067463971731,300,300,0,2.7092951733333335,7
2013-07-01 17:25:53,471.37541528239205,391.44684385382061,29.077573149140893,27.849425457967051,301,301,0,3.0311331063122928,7
2013-07-01 17:25:54,472.36212624584715,390.55315614617939,31.016395032262398,30.168452037498763,301,301,0,3.396408604651163,7
2013-07-01 17:25:55,469.02325581395348,391.68770764119603,36.488735120550068,32.249891189391171,301,301,0,3.9266072990033209,7
2013-07-01 17:25:56,462.37873754152827,397.36544850498336,36.179083456248804,32.335857324053052,301,301,0,4.0528290697674469,7
2013-07-01 17:25:57,461.11333333333334,397.94,36.438895876033932,31.861789740768735,300,300,0,4.1912178633333337,7
2013-07-01 17:25:58,466.89333333333332,402.23000000000002,37.608064435581582,33.70629239707624,300,300,0,4.2863168533333322,7
2013-07-01 17:25:59,467.09166666666664,415.27166666666665,37.97987185482917,34.941332060700596,300,300,0,4.3414023266666666,7
2013-07-01 17:26:00,468.05166666666668,429.43333333333334,34.401813612389901,34.006327695002298,300,300,0,4.1273049300000011,7
2013-07-01 17:26:01,467.82833333333332,438.47333333333336,34.397898413611308,35.623720380312314,300,300,0,4.204478563333331,7
2013-07-01 17:26:02,464.83333333333331,445.83833333333331,34.63972079001573,35.369450433513599,300,300,0,4.3303344333333351,7
2013-07-01 17:26:03,462.26086956521738,451.84615384615387,34.85206762924215,34.355349078785906,299,299,0,4.4648362073578589,7
2013-07-01 17:26:04,460.82166666666666,455.58333333333331,34.490544929308236,36.095326996609792,300,300,0,4.5751188066666639,7
2013-07-01 17:26:05,461.62166666666667,459.09666666666669,35.772380985336994,39.813746834633122,300,300,0,4.9579451066666653,7
2013-07-01 17:26:06,466.74749163879596,461.70568561872909,38.663719081552529,40.767638350691684,299,299,0,5.405371060200669,7
2013-07-01 17:26:07,473.02173913043481,465.18729096989966,38.436062515081467,39.367802387029322,299,299,0,5.4470131906354506,7
2013-07-01 17:26:08,477.48006644518273,464.44684385382061,37.730110892966984,40.271356632295493,301,301,0,5.4524565415282407,7
2013-07-01 17:26:09,486.89833333333331,459.94666666666666,37.25872882248045,40.890838719606506,300,300,0,5.4279207833333381,7
2013-07-01 17:26:10,495.68666666666667,453.23833333333334,35.567428387442853,37.295045676276445,300,300,0,4.8747591433333337,7
2013-07-01 17:26:11,502.12292358803984,448.98504983388705,31.17121812544616,31.723949035613053,301,301,0,4.1559255813953486,7
2013-07-01 17:26:12,505.6112956810631,448.26744186046511,28.737143304713285,27.79881417915961,301,301,0,3.7950918172757495,7
2013-07-01 17:26:13,511.28308823529414,450.72058823529414,26.396263727412073,25.809782800589097,272,272,0,3.5700259044117679,7
2013-07-01 17:26:14,513.39858490566041,452.73820754716979,24.787922221021677,22.700733908722409,212,212,0,3.2527465283018864,7
2013-07-01 17:26:15,511.66447368421052,457.0888157894737,26.670405276297636,21.840868033783543,152,152,0,3.4204750592105269,7
2013-07-01 17:26:16,675.76666666666665,320.87666666666667,208.90658670487164,183.70308090808669,150,149,1,3.4861122600000001,7
2013-07-01 17:26:17,851.65666666666664,172.0,173.9923833157691,159.35842425974957,150,149,1,3.181232500000001,7
2013-07-01 17:26:18,942.1910112359551,92.544943820224717,26.440585309595356,23.742574271710168,178,177,1,2.9663881179775298,7
2013-07-01 17:26:19,938.48949579831935,95.945378151260499,26.288542027637039,22.946487915633305,238,237,1,2.8767964747899191,7
2013-07-01 17:26:20,934.07718120805373,97.369127516778519,27.007713378341062,23.157228363922055,298,297,1,2.8799656812080565,7
2013-07-01 17:26:21,931.37166666666667,96.641666666666666,28.53460078622086,23.52236743587223,300,300,0,2.8887684160000013,7
2013-07-01 17:26:22,926.86877076411963,97.45348837209302,27.83280836501962,22.801889456593241,301,301,0,2.8626488451827257,7
2013-07-01 17:26:23,918.13741721854308,126.95529801324503,27.285530171909723,65.885525573857649,302,301,1,2.7859823655629143,7
2013-07-01 17:26:24,911.24834437086088,159.52649006622516,30.865686641766299,86.039207011229266,302,301,1,3.0584689350993379,7
2013-07-01 17:26:25,907.08278145695363,189.82119205298014,35.373678225125133,87.908247326834754,302,301,1,3.4214383490066247,7
2013-07-01 17:26:26,903.31125827814571,221.07119205298014,35.786546114383619,73.973186292525213,302,301,1,3.6295433298013244,7
2013-07-01 17:26:27,899.42358803986713,247.02657807308969,36.031201410486894,39.187233779017738,301,300,1,3.8306593953488384,7
2013-07-01 17:26:28,899.36166666666668,240.50666666666666,36.815344570913773,37.414383274460839,300,300,0,4.0918557,7
2013-07-01 17:26:29,902.20166666666671,231.45166666666665,36.980133379579677,34.867333331755965,300,300,0,4.0030264566666682,7
2013-07-01 17:26:30,903.14833333333331,226.63833333333332,35.52784715732659,33.639939292566844,300,300,0,3.9957461533333358,7
2013-07-01 17:26:31,902.01999999999998,223.16666666666666,35.606445998660163,32.323442038862225,300,300,0,4.2144748966666654,7
2013-07-01 17:26:32,899.77333333333331,222.30666666666667,38.029850389191985,33.419762976622117,300,300,0,4.5359842499999994,7
2013-07-01 17:26:33,901.41999999999996,222.34333333333333,41.581269097989001,33.49647496387604,300,300,0,4.8704443433333324,7
2013-07-01 17:26:34,903.89833333333331,217.79499999999999,43.556085750542451,33.263724881266512,300,300,0,5.0428710766666676,7
2013-07-01 17:26:35,906.94816053511704,213.4581939799331,42.930349650353975,31.55753919349257,299,299,0,4.9418154481605372,7
2013-07-01 17:26:36,913.26086956521738,208.20401337792643,43.442496597809537,29.441504693270169,299,299,0,4.8618760401337786,7
2013-07-01 17:26:37,916.9666666666667,205.70333333333335,41.364485060292964,27.715715008221281,300,300,0,4.7394670166666675,7
2013-07-01 17:26:38,917.03846153846155,206.33333333333334,38.784702021025794,26.961653506488048,273,273,0,4.6025602710622726,0
2013-07-01 17:26:39,916.36619718309862,207.56572769953053,37.294242854535341,27.021486891567644,213,213,0,4.6594755258215965,0
2013-07-01 17:26:40,916.60714285714289,206.75324675324674,39.142523400881643,27.179399563484246,154,154,0,4.8489734220779228,0
2013-07-01 17:26:41,908.76595744680856,209.71276595744681,37.668596067794063,26.434082081529219,94,94,0,4.9369697340425533,0
2013-07-01 17:26:42,903.60606060606062,221.06060606060606,23.612019441826988,22.87730779880394,33,33,0,4.7723615757575759,0
2013-07-01 17:26:43,889.71518987341767,95.879746835443044,24.146943792430431,22.182693529929558,79,78,1,3.05991082278481,7
2013-07-01 17:26:44,897.7805755395683,88.942446043165461,26.728717329890205,24.99014872112512,139,138,1,3.3238536906474807,7
2013-07-01 17:26:45,902.96984924623121,87.4748743718593,27.652316385652671,27.116180488821051,199,198,1,3.4785081708542696,7
2013-07-01 17:26:46,897.35823754789271,94.574712643678154,76.825220087528322,38.72470852566714,261,258,3,3.3913891149425273,8
2013-07-01 17:26:47,895.57009345794393,100.51246105919003,94.098305857776836,48.673447912971611,321,317,4,3.3459226947040479,8
2013-07-01 17:26:48,893.14026402640263,105.03630363036304,119.67861611372737,52.755436638330281,303,299,4,3.3856616138613873,8
2013-07-01 17:26:49,880.25980392156862,117.5702614379085,151.50167553678486,58.06044728511673,306,299,7,3.2278298888888903,8
2013-07-01 17:26:50,877.47719869706839,121.52768729641694,162.23680385212609,63.312032399810924,307,299,8,3.2420554299674289,8
2013-07-01 17:26:51,874.78382838283824,126.47854785478548,184.48226812940342,69.747489464682616,303,295,8,3.1263404118811904,8
2013-07-01 17:26:52,867.25,131.37745098039215,192.58749874311974,67.567031790338447,306,296,10,3.0656509928104594,8
2013-07-01 17:26:53,863.03583061889253,133.62377850162866,200.36908840384584,66.341001045079182,307,296,11,3.1810495661237792,8
2013-07-01 17:26:54,869.36557377049178,132.34098360655739,199.84791494281038,64.05332990093298,305,296,9,3.4677365960655746,8
2013-07-01 17:26:55,852.78664495114003,144.55374592833877,225.18114186388954,60.929721199630045,307,296,11,3.3551574736156353,8
2013-07-01 17:26:56,853.36290322580646,145.79354838709676,213.68128675365128,50.20760418614433,310,300,10,3.664738672903229,8
2013-07-01 17:26:57,858.04368932038835,145.95145631067962,211.46864816439017,53.448277943073762,309,300,9,3.7237072640776714,8
2013-07-01 17:26:58,868.52272727272725,145.68181818181819,201.99406448619169,54.303925694825367,308,300,8,3.8516639564935105,8
2013-07-01 17:26:59,854.9742765273312,151.70578778135049,214.26252960849916,57.392503432630427,311,300,11,4.079879281672028,8
2013-07-01 17:27:00,855.02903225806449,146.09032258064516,208.89131934284657,52.975584257313244,310,300,10,4.3521183258064511,8
2013-07-01 17:27:01,861.99516129032259,142.15000000000001,209.71781582461173,55.980688273251218,310,300,10,4.2821240541935479,8
2013-07-01 17:27:02,853.97580645161293,141.86774193548388,219.62814313616124,53.374890082554479,310,300,10,4.6261181025806444,8
2013-07-01 17:27:03,833.64423076923072,156.77403846153845,229.89415997314961,62.167852335626314,312,300,12,4.5388096692307691,8
2013-07-01 17:27:04,838.97419354838712,158.30000000000001,205.71478742552446,75.724923754797544,310,300,10,4.1964195445161261,8
2013-07-01 17:27:05,839.85761589403978,158.31456953642385,202.79945970200899,79.40109323945984,302,292,10,3.9092528953642405,8
2013-07-01 17:27:06,831.06291390728472,158.1953642384106,185.86172927051922,83.191798437559498,302,292,10,3.5775923781456975,8
2013-07-01 17:27:07,823.513201320132,159.22442244224422,184.02115257045864,81.270962436433166,303,292,11,3.2938442415841607,8
2013-07-01 17:27:08,832.99006622516561,150.53807947019868,178.00941565114096,79.154823521152252,302,292,10,3.2327932026490087,8
2013-07-01 17:27:09,832.2833333333333,147.38833333333332,195.298934032771,61.125905186249383,300,291,9,3.2958422806666694,8
2013-07-01 17:27:10,840.4948453608248,144.95017182130584,170.17357510199196,58.775963521676204,291,284,7,3.4174856068728543,8
2013-07-01 17:27:11,835.43478260869563,149.25869565217391,186.36876532514009,52.861888831819712,230,224,6,3.7626643782608715,0
2013-07-01 17:27:12,849.77844311377248,147.21556886227546,169.94018796126034,54.52617584734778,167,164,3,3.8737694850299418,0
2013-07-01 17:27:13,848.91428571428571,140.04761904761904,160.11146143364502,40.210236199730225,105,104,1,3.9896338190476186,0
2013-07-01 17:27:14,870.89999999999998,115.56666666666666,19.186465399999729,36.704687587678663,45,45,0,3.9095640888888892,0
2013-07-01 17:27:15,-1,-1,0,0,0,0,0,0,0
2013-07-01 17:27:16,-1,-1,0,0,0,0,0,0,0
2013-07-01 17:27:17,-1,-1,0,0,0,0,0,0,0
2013-07-01 17:27:18,-1,-1,0,0,0,0,0,0,0
2013-07-01 17:27:19,77.444444444444443,120.68518518518519,11.604320592359384,22.664419823280873,27,27,0,3.7377275555555554,7
2013-07-01 17:27:20,106.54597701149426,119.94252873563218,30.721047268204892,20.956408977973076,87,87,0,3.4247978275862079,7
2013-07-01 17:27:21,111.74149659863946,117.78571428571429,29.098107182091219,19.830877404445246,147,147,0,3.2798241768707506,7
2013-07-01 17:27:22,118.8840579710145,112.56521739130434,32.420980665865557,23.003099154351752,207,207,0,3.3468170289855088,7
2013-07-01 17:27:23,120.39700374531836,103.06741573033707,31.744540564487025,29.202706546007569,267,267,0,3.30620989138577,8
2013-07-01 17:27:24,153.493399339934,108.47194719471948,128.06915540269068,61.626263848011689,303,300,3,3.1579245841584176,8
2013-07-01 17:27:25,180.28688524590163,113.71475409836066,174.83137691430917,78.763609592718652,305,300,5,2.9878378118032818,8
2013-07-01 17:27:26,196.66123778501628,116.70521172638436,180.71439812217221,92.238662297446325,307,300,7,2.8320832332247585,8
2013-07-01 17:27:27,211.36245954692558,124.84142394822007,193.91399556774616,98.54235904035643,309,300,9,2.6853477236245982,8
2013-07-01 17:27:28,225.52875399361022,148.65335463258785,198.73620933621308,106.88281593819016,313,300,13,2.7015000019169348,8
2013-07-01 17:27:29,211.63022508038586,167.88263665594855,181.3594984116981,102.16990065947776,311,300,11,2.7953753138263684,8
2013-07-01 17:27:30,205.04326923076923,192.69070512820514,166.90706991228805,100.85221117326365,312,300,12,2.9144102403846155,8
2013-07-01 17:27:31,200.88461538461539,224.93269230769232,174.90065941234786,90.575217654600948,312,300,12,3.0036089839743596,8
2013-07-01 17:27:32,205.52076677316293,260.03674121405749,186.42082267024571,78.402884306327721,313,300,13,3.0620580364217265,8
2013-07-01 17:27:33,210.51607717041801,289.24758842443731,196.31886028087348,57.965115640894915,311,300,11,3.1397969916398729,8
2013-07-01 17:27:34,212.12700964630224,316.17202572347264,193.87469542513853,52.660723155902033,311,299,12,3.1289611266881057,8
2013-07-01 17:27:35,206.17096774193547,339.65806451612906,180.44974323620386,46.133047875402191,310,299,11,3.2947121496774212,8
2013-07-01 17:27:36,217.77170418006432,352.81028938906752,199.41365898631972,42.033293527330258,311,299,12,3.4478575247588457,8
2013-07-01 17:27:37,208.47903225806451,363.64354838709676,194.20578960861863,39.098140649587471,310,299,11,3.5473446832258069,8
2013-07-01 17:27:38,203.88906752411575,377.88263665594855,195.72661911064247,45.076206664039077,311,300,11,3.5480121659163975,8
2013-07-01 17:27:39,195.17845659163987,395.80868167202573,192.85082272240112,58.088804833341811,311,300,11,3.6187465871382618,8
2013-07-01 17:27:40,192.06410256410257,414.14583333333331,201.02491181506116,72.344880391894208,312,300,12,3.4456956461538462,8
2013-07-01 17:27:41,191.57556270096464,434.04501607717043,191.54134544216623,70.715054512867454,311,299,12,3.1519110713826386,8
2013-07-01 17:27:42,216.32532051282053,445.31730769230768,226.5980316375655,79.227370033992031,312,299,13,2.8712296192307729,8
2013-07-01 17:27:43,220.62218649517686,459.95337620578778,230.78030578545827,82.814358540653743,311,298,13,2.6027135569131876,8
2013-07-01 17:27:44,226.29936305732485,462.56210191082801,234.77203857239823,85.832412293030174,314,300,14,2.4882258732484099,8
2013-07-01 17:27:45,226.29807692307693,460.22596153846155,228.97363458247864,81.267418508093201,312,299,13,2.4012196961538477,8
2013-07-01 17:27:46,212.34615384615384,464.70192307692309,214.04622900757235,79.641475138311577,312,300,12,2.4117627576923106,8
2013-07-01 17:27:47,194.47124600638978,468.98562300319486,181.73301018546604,71.985824488261841,313,301,12,2.4723408415335499,8
2013-07-01 17:27:48,176.39423076923077,473.71474358974359,155.87000426725646,63.354997168116,312,300,12,2.4169832134615397,8
2013-07-01 17:27:49,169.65857605177993,478.94983818770226,143.24117716957937,61.055847133010623,309,299,10,2.4664727508090629,8
2013-07-01 17:27:50,161.57766990291262,488.29611650485435,136.79548124137548,62.126955673307705,309,300,9,2.4804020711974135,8
2013-07-01 17:27:51,167.34726688102893,488.89710610932474,147.7031241635303,64.587055713911568,311,300,11,2.5098468842443742,8
2013-07-01 17:27:52,157.90353697749197,497.85048231511252,123.80066061251287,53.239077251026998,311,300,11,2.4231042591639897,8
2013-07-01 17:27:53,162.24920127795528,496.01437699680514,131.54273292088735,56.377254497631711,313,301,12,2.4947022057508015,8
2013-07-01 17:27:54,162.23734177215189,494.95569620253167,136.67032166270621,58.149066234619966,316,301,15,2.5350364139240513,8
2013-07-01 17:27:55,167.27044025157232,494.29874213836479,142.4867888296061,60.98906452884512,318,301,17,2.6058853861635227,8
2013-07-01 17:27:56,164.75786163522014,498.60849056603774,138.28534659576241,63.333191000114745,318,301,17,2.678609218867924,8
2013-07-01 17:27:57,168.54936305732485,498.38375796178343,140.25823952120109,64.399449999774973,314,297,17,2.7485256745222948,8
2013-07-01 17:27:58,175.93949044585986,496.19267515923565,141.44880592462809,64.292328410947817,314,297,17,2.7674830216560524,8
2013-07-01 17:27:59,178.23801916932908,495.6916932907348,137.59187510453398,61.842606734358178,313,297,16,2.5522619361022389,8
2013-07-01 17:28:00,182.21884984025559,491.54792332268369,135.96556123615508,59.28319910391231,313,297,16,2.4759943795527173,8
2013-07-01 17:28:01,185.75160256410257,488.42788461538464,135.64648705661247,53.049395395054574,312,297,15,2.5838565358974379,8
2013-07-01 17:28:02,183.31269841269841,490.22063492063489,134.04719733035125,53.342972002092175,315,300,15,2.7473048615873048,8
2013-07-01 17:28:03,186.67721518987341,492.42405063291142,148.17280319339466,64.657944360589653,316,300,16,2.8945762487341788,8
2013-07-01 17:28:04,199.96044303797467,490.84810126582278,172.87025371866463,78.233385250875614,316,300,16,3.0979626113924068,8
2013-07-01 17:28:05,215.25949367088609,493.12183544303798,200.40928535278957,92.889498429721371,316,299,17,3.0751308962025323,8
2013-07-01 17:28:06,207.21202531645571,503.18987341772151,201.15693387355276,96.566608438842636,316,299,17,2.9560312670886089,8
2013-07-01 17:28:07,217.43553459119497,501.06446540880501,223.22096483844021,107.23497046690619,318,300,18,3.0479691106918243,8
2013-07-01 17:28:08,209.26656151419559,504.26498422712933,219.7230544355352,104.26749073630735,317,300,17,3.0774051129337554,8
2013-07-01 17:28:09,192.57255520504731,513.26498422712939,202.15620003540349,95.391577085591351,317,300,17,2.9977533255520523,8
2013-07-01 17:28:10,170.26898734177215,522.6708860759494,173.21612920312623,86.256736974558123,316,300,16,3.1334469506329157,8
2013-07-01 17:28:11,174.02044025157232,518.96383647798746,184.82990404547249,92.345135672627038,318,301,17,3.254929315723273,8
2013-07-01 17:28:12,166.61198738170347,524.52681388012616,162.47806837831746,86.197420628719243,317,300,17,3.1973916075709781,8
2013-07-01 17:28:13,164.48107255520506,529.90536277602519,163.27357629625041,89.7387322513881,317,300,17,3.0290386334384882,8
2013-07-01 17:28:14,160.75628930817609,531.78144654088055,169.92294470428641,94.625612283932611,318,300,18,3.1254701465408834,8
2013-07-01 17:28:15,161.31661442006271,528.02507836990594,176.58518373020456,94.022357828408829,319,301,18,3.1192464401253939,8
2013-07-01 17:28:16,157.21924290220821,528.81230283911668,167.41130764081399,89.160316107640199,317,300,17,3.0562483514195606,8
2013-07-01 17:28:17,149.90822784810126,531.0158227848101,164.03652650347635,84.659418903995117,316,300,16,2.8494917278481018,8
2013-07-01 17:28:18,142.8984126984127,535.38730158730164,157.00254824909092,80.615550830401276,315,300,15,2.8903368507936511,8
2013-07-01 17:28:19,151.97249190938513,533.73624595469255,167.72754476625383,84.518225077653952,309,295,14,2.6260951656957943,8
2013-07-01 17:28:20,147.97889610389609,536.6769480519481,162.31070270057762,83.741217757848062,308,295,13,2.6003599259740291,8
2013-07-01 17:28:21,143.81270358306188,539.29315960912049,158.31497293397442,82.55466827327065,307,295,12,2.6125686097719893,8
2013-07-01 17:28:22,137.29248366013073,541.6650326797386,151.0210502395297,80.570484687544266,306,295,11,2.6332234130718963,8
2013-07-01 17:28:23,136.0311475409836,542.13606557377045,148.52443040777882,78.40135025183848,305,295,10,2.3700575442622958,8
2013-07-01 17:28:24,116.75081433224756,548.83224755700326,118.6904881809356,64.549269593564702,307,300,7,2.3860751824104254,8
2013-07-01 17:28:25,109.63770491803278,552.78032786885251,103.77936674416806,56.856764918498435,305,300,5,2.1404980393442652,8
2013-07-01 17:28:26,101.4402390438247,557.41235059760959,91.289727868707274,50.032232479198832,251,248,3,1.9134723665338653,0
2013-07-01 17:28:27,91.735449735449734,563.61640211640213,65.672777339170594,36.224399555501229,189,188,1,1.7523165830687835,0
2013-07-01 17:28:28,81.5,564.82421875,15.055147967222394,13.300374431374621,128,128,0,1.9313483109374994,0
2013-07-01 17:28:29,86.977941176470594,562.71323529411768,13.395932169246574,14.317903461258776,68,68,0,1.7117976147058824,0
2013-07-01 17:28:30,70.75,571.875,1.8516401995451028,0.35355339059327379,8,8,0,0.95225424999999997,0
2013-07-01 17:28:31,-1,-1,0,0,0,0,0,0,0
2013-07-01 17:28:32,-1,-1,0,0,0,0,0,0,0
2013-07-01 17:28:33,-1,-1,0,0,0,0,0,0,0
2013-07-01 17:28:34,-1,-1,0,0,0,0,0,0,0
2013-07-01 17:28:35,-1,-1,0,0,0,0,0,0,0
2013-07-01 17:28:36,-1,-1,0,0,0,0,0,0,0
2013-07-01 17:28:37,-1,-1,0,0,0,0,0,0,0
2013-07-01 17:28:38,-1,-1,0,0,0,0,0,0,0
2013-07-01 17:28:39,668.5,429.5,0.0,0.0,1,0,1,0.0,2
2013-07-01 17:28:40,668.5,429.5,0.0,0.0,1,0,1,0.0,2
2013-07-01 17:28:41,668.5,429.5,0.0,0.0,1,0,1,0.0,2
2013-07-01 17:28:42,668.5,429.5,0.0,0.0,1,0,1,0.0,2
2013-07-01 17:28:43,668.5,429.5,0.0,0.0,1,0,1,0.0,2
2013-07-01 17:28:44,218.0,334.0,0.0,0.0,1,0,1,0.0,2
2013-07-01 17:28:45,218.0,334.0,0.0,0.0,1,0,1,0.0,2
2013-07-01 17:28:46,218.0,334.0,0.0,0.0,1,0,1,0.0,2
2013-07-01 17:28:47,368.5,395.25,212.83914113715082,86.620580695352075,2,0,2,0.0,2
2013-07-01 17:28:48,368.5,395.25,212.83914113715082,86.620580695352075,2,0,2,0.0,2
2013-07-01 17:28:49,519.0,456.5,0.0,0.0,1,0,1,0.0,2
2013-07-01 17:28:50,519.0,456.5,0.0,0.0,1,0,1,0.0,2
2013-07-01 17:28:51,672.29999999999995,362.69999999999999,119.75057411135845,151.86120307702035,5,2,3,2.2214511999999997,2
2013-07-01 17:28:52,710.625,339.25,96.582758123107382,164.56938759481767,4,2,2,2.7768139999999999,2
2013-07-01 17:28:53,710.625,339.25,96.582758123107382,164.56938759481767,4,2,2,2.7768139999999999,2
2013-07-01 17:28:54,710.625,339.25,96.582758123107382,164.56938759481767,4,2,2,2.7768139999999999,2
2013-07-01 17:28:55,509.64999999999998,311.39999999999998,181.73883123256232,98.017515441544106,10,7,3,1.9992421,2
2013-07-01 17:28:56,375.66666666666669,292.83333333333331,0.81649658093247868,3.0605010483028403,6,5,1,1.4808608333333335,2
2013-07-01 17:28:57,375.66666666666669,292.83333333333331,0.81649658093247868,3.0605010483028403,6,5,1,1.4808608333333335,2
2013-07-01 17:28:58,409.6875,316.6875,256.28289858502626,185.87763592136167,8,5,3,1.1106456250000001,2
2013-07-01 17:28:59,409.6875,316.6875,256.28289858502626,185.87763592136167,8,5,3,1.1106456250000001,2
2013-07-01 17:29:00,660.83333333333337,285.33333333333331,531.66726750227292,381.90389279677856,3,0,3,0.0,2
2013-07-01 17:29:01,592.70000000000005,320.30000000000001,426.96261545948028,290.22288848400638,5,0,5,0.0,2
2013-07-01 17:29:02,592.70000000000005,320.30000000000001,426.96261545948028,290.22288848400638,5,0,5,0.0,2
2013-07-01 17:29:03,646.66666666666663,275.0,371.05266921736779,216.07463988168533,3,0,3,0.0,2
2013-07-01 17:29:04,588.20000000000005,309.60000000000002,280.89958170136174,160.20900411649779,5,0,5,0.0,2
2013-07-01 17:29:05,495.5,367.125,218.90066240192147,110.28023017144399,4,0,4,0.0,2
2013-07-01 17:29:06,500.5,361.5,120.91525958289962,17.677669529663689,2,0,2,0.0,2
2013-07-01 17:29:07,500.5,361.5,120.91525958289962,17.677669529663689,2,0,2,0.0,2
2013-07-01 17:29:08,509.75,374.25,90.852903090655275,83.990574868056868,4,0,4,0.0,2
2013-07-01 17:29:09,519.0,387.0,98.994949366116657,142.12846301849606,2,0,2,0.0,2
2013-07-01 17:29:10,519.0,387.0,98.994949366116657,142.12846301849606,2,0,2,0.0,2
